﻿<?xml version="1.0" encoding="utf-8"?>
<!DOCTYPE XfireSounds SYSTEM "xfiresounds.dtd">

<Sounds>
  <Sound type="Receive Message">IM_receive.wav</Sound>
  <Sound type="In-game Receive Message">IM_receive.wav</Sound>
  <Sound type="Send Message"></Sound>
  <Sound type="Online">enter.wav</Sound>
  <Sound type="Offline">exit.wav</Sound>
  <Sound type="Incoming Call">call_incoming.wav</Sound>
  <Sound type="Outgoing Call">call_outgoing.wav</Sound>
  <Sound type="User Arrived">enter.wav</Sound>
  <Sound type="User Left">exit.wav</Sound>
  <Sound type="Call Start">voice_start.wav</Sound>
  <Sound type="Call End">voice_end.wav</Sound>
  <Sound type="Screenshot">screenshot.wav</Sound>
</Sounds>
