﻿<?xml version="1.0" encoding="utf-8"?>
<!DOCTYPE XfireSounds SYSTEM "xfiresounds.dtd">

<Sounds>
  <Sound type="Receive Message">recv.wav</Sound>
  <Sound type="In-game Receive Message">igrecv.wav</Sound>
  <Sound type="Send Message">send.wav</Sound>
  <Sound type="Online">online.wav</Sound>
  <Sound type="Offline">offline.wav</Sound>
  <Sound type="Incoming Call">ringing.wav</Sound>
  <Sound type="Outgoing Call">callerring.wav</Sound>
  <Sound type="User Arrived">entroom.wav</Sound>
  <Sound type="User Left">leftroom.wav</Sound>
  <Sound type="Call Start">pickup.wav</Sound>
  <Sound type="Call End">hangup.wav</Sound>
  <Sound type="Screenshot">screenshot.wav</Sound>
</Sounds>
