<?xml version="1.0" encoding="UTF-8"?>
<!DOCTYPE Components SYSTEM "XfireSkin.dtd">

<Components>
    <Component Name="XIGWatermarkOverlay" Class="MainWindow" Events="Transparent">
        <Triggers>
            <Trigger Type="OnActiveMode">ShowTile</Trigger>
        </Triggers>
    </Component>
    
    <Component Name="XIGWatermarkBG" Class="Tile" Stretch="ToContent">
        <Images State="Normal">
            <Image Type="Middle">black</Image>
        </Images>
    </Component>
</Components>