<?xml version="1.0" encoding="UTF-8"?>
<!DOCTYPE Components SYSTEM "XfireSkin.dtd">

<Components>
    <Component Name="XIGFPSOverlay" Class="MainWindow" MinWidth="155" DefaultWidth="155" MinHeight="48" DefaultHeight="48" DefaultX="470" DefaultY="200">
        <Triggers>
            <Trigger Type="OnActiveMode">ShowTile</Trigger>
        </Triggers>
    </Component>
    
    <Component Name="XIGFPSText" Class="Text" Stretch="ToFit" Events="Transparent">
        <Triggers>
            <Trigger Type="OnLeftButtonDown">AppDragWindow</Trigger>
        </Triggers>
        <Text Font="Arial" Size="10" Bold="True" Color="XIGLiveStatsTextCG">%fps%</Text>
    </Component>
</Components>