<?xml version="1.0" encoding="UTF-8"?><!DOCTYPE Components SYSTEM "XfireSkin.dtd"><Components>    <Component Name="XIGWebCamOverlay" Class="MainWindow" MinWidth="160" MinHeight="120" MaxWidth="640" DefaultWidth="160" DefaultHeight="120" MaxHeight="480" DefaultX="0" DefaultY="0" MaintainAspectRation="True">    <Triggers>      <Trigger Type="OnActiveMode">ShowTile</Trigger>    </Triggers>  </Component>        <Component Name="XIGWebCamControl" Class="WebCamControl" Events="Transparent" />        <Component Name="XIGWebCamAdjustText" Class="Text" Stretch="ToContent" Events="Transparent">        <Text Font="Arial" Size="10" Bold="True" Color="XIGLiveStatsTextCG">%adjust_web_cam_text%</Text>    </Component></Components>