<?xml version="1.0" encoding="UTF-8"?>
<!DOCTYPE Overlay SYSTEM "XfireSkin.dtd">

<Overlay>
    <Tile Name="EditMode" Z="50" ResizeX="100" ResizeY="100" Features="EditModeOverlay" Component="XIGEditModeOverlay">
        <Tile Name="WindowDragger" Z="65" ResizeX="100" ResizeY="100" Component="XIGEditModeTileDragger" />
        
        <Tile Name="OverlayOpacSlider" X="5" Y="5" Z="75" JustX="Left" JustY="Bottom" ControlId="710" Component="XIGOpacitySlider">
            <Tile Name="OverlayOpacTrack" ResizeX="100" Component="XIGOpacityTrack" />
            <Tile Name="OverlayOpacGripper" Component="XIGOpacityGripper" />
        </Tile>
        
        <Tile Name="OverlayName" Y="10" Z="75" JustX="Center" ResizeX="100" Component="XIGEditModeOverlayName" />
        
        <Tile Name="OverlayResizeGripper" X="5" Y="5" Z="75" JustX="Right" JustY="Bottom" Component="XIGEditModeOverlayGripper">
            <Tile Name="OverlayGripperLarge" Z="99" Component="XIGEditModeOverlayGripperLarge" />
        </Tile>
        
        <Tile Name="OverlayOptionsButton" X="3" Y="3" Z="75" Component="XIGEditModeButtonOptions">
            <Tile Name="EditModeButtonOptionsLarge" Component="XIGEditModeButtonSmallOptions" />
            <Tile Name="OverlayOptionsButtonLarge" Component="XIGEditModeButtonLargeOptions" />
        </Tile>
    </Tile>
</Overlay>