<?xml version="1.0" encoding="UTF-8"?>
<!DOCTYPE Components SYSTEM "ACE.dtd">

<Components>
    <Component Name="MainWindow" Class="MainWindow" MinWidth="333" MinHeight="555" DefaultWidth="333" DefaultHeight="555" />
    
    <!--
    //////////////////////////////////////////////
    // Window Frame
    //////////////////////////////////////////////
    -->
    <Component Name="MainTopRow" Class="Tile" MinHeight="13" MaxHeight="13" Stretch="ToContent">
        <Images State="Normal">
            <Image Type="Left">frame1_top_left</Image>
            <Image Type="Middle">frame1_top_middle</Image>
            <Image Type="Right">frame1_top_right</Image>
        </Images>
    </Component>
    
    <Component Name="MainLeftSide" Class="Tile" MinWidth="13" MaxWidth="13" Stretch="ToContent">
        <Triggers>
            <Trigger Type="OnActivate">State(Normal)</Trigger>
        </Triggers>
        <Images State="Normal">
            <Image Type="Middle">frame1_leftside_middle</Image>
        </Images>
    </Component>
    
    <Component Name="MainBackground" Class="Tile" Stretch="ToContent">
        <Images State="Normal">
            <Image Type="Middle">frame1_window_filler</Image>
        </Images>
    </Component>
    
    <Component Name="MainRightSide" Class="Tile" MinWidth="13" MaxWidth="13" Stretch="ToContent">
        <Triggers>
            <Trigger Type="OnActivate">State(Normal)</Trigger>
        </Triggers>
        <Images State="Normal">
            <Image Type="Right">frame1_rightside_middle</Image>
        </Images>
    </Component>
    
    <Component Name="MainBottomRow" Class="Tile" MinHeight="13" MaxHeight="13" Stretch="ToContent">
        <Triggers>
            <Trigger Type="OnActivate">State(Normal)</Trigger>
        </Triggers>
        <Images State="Normal">
            <Image Type="BottomLeft">frame1_bottom_left</Image>
            <Image Type="Bottom">frame1_bottom_middle</Image>
            <Image Type="BottomRight">frame1_bottom_right</Image>
        </Images>
    </Component>
    
    
    
    <!--
    //////////////////////////////////////////////
    // Resize Grippers
    //////////////////////////////////////////////
    -->
    <Component Name="MainResizeGripperTL" Class="Tile" MinWidth="10" MaxWidth="10" MinHeight="10" MaxHeight="10" Cursor="ResizeNWSE">
        <Triggers>
            <Trigger Type="OnLeftButtonDown">ResizeUL</Trigger>
        </Triggers>
    </Component>
    
    <Component Name="MainResizeGripperTop" Class="Tile" MinHeight="10" MaxHeight="10" Cursor="ResizeNS">
        <Triggers>
            <Trigger Type="OnLeftButtonDown">ResizeT</Trigger>
        </Triggers>
    </Component>
    
    <Component Name="MainResizeGripperTR" Class="Tile" MinWidth="10" MaxWidth="10" MinHeight="10" MaxHeight="10" Cursor="ResizeNESW">
        <Triggers>
            <Trigger Type="OnLeftButtonDown">ResizeUR</Trigger>
        </Triggers>
    </Component>
    
    <Component Name="MainResizeGripperL" Class="Tile" MinWidth="10" MaxWidth="10" Cursor="ResizeWE">
        <Triggers>
            <Trigger Type="OnLeftButtonDown">ResizeL</Trigger>
        </Triggers>
    </Component>
    
    <Component Name="MainResizeGripperR" Class="Tile" MinWidth="10" MaxWidth="10" Cursor="ResizeWE">
        <Triggers>
            <Trigger Type="OnLeftButtonDown">ResizeR</Trigger>
        </Triggers>
    </Component>
    
    <Component Name="MainResizeGripperBL" Class="Tile" MinWidth="10" MaxWidth="10" MinHeight="10" MaxHeight="10" Cursor="ResizeNESW">
        <Triggers>
            <Trigger Type="OnLeftButtonDown">ResizeBL</Trigger>
        </Triggers>
    </Component>
    
    <Component Name="MainResizeGripperBottom" Class="Tile" MinHeight="10" MaxHeight="10" Cursor="ResizeNS">
        <Triggers>
            <Trigger Type="OnLeftButtonDown">ResizeB</Trigger>
        </Triggers>
    </Component>
    
    <Component Name="MainResizeGripperBR" Class="Tile" MinWidth="10" MaxWidth="10" MinHeight="10" MaxHeight="10" Stretch="ToContent" Cursor="ResizeNWSE">
        <Triggers>
            <Trigger Type="OnLeftButtonDown">ResizeBR</Trigger>
        </Triggers>
        <!-- <Images State="Normal">
            <Image Type="Middle">frame1_gripper_bottom_right_norm</Image>
        </Images>
        <Images State="Hover">
            <Image Type="Middle">frame1_gripper_bottom_right_hover</Image>
        </Images>
        <Images State="Down">
            <Image Type="Middle">frame1_gripper_bottom_right_down</Image>
        </Images> -->
    </Component>
    
    
    
    <!--
    //////////////////////////////////////////////
    // Content
    //////////////////////////////////////////////
    -->
    <Component Name="UsernameContainer" Class="Tile" MinHeight="13" MaxHeight="13" Events="Transparent" Default="Activate" />
    
    <Component Name="Username" Class="Text" MinHeight="13" MaxHeight="13" Stretch="ToContent" Events="Transparent" Default="Activate">
        <Text Align="Left" Bold="True" Color="UserNameCG" Font="Arial" Size="11">UserNameText</Text>
    </Component>
    
    <Component Name="XfireView" Class="XfireView" WindowFocus="True" Scrollbar="XfireScrollbar" Color="ListBGCG" Transparency="True" HandleNotifications="True" Default="Activate">
        <Text Font="Arial" Bold="True" Size="11" Color_Selected="ListColorSelectedCG" Color_NonFocus="ListColorSelectedDiabledCG" Color_SelectedText="ListColorSelectedTextCG" Color_Header="HeaderTextCG" Color_Depth1="TextDepth1" Color_Depth2="TextDepth2" Color_Depth3="TextDepth3" Color_Depth4="TextDepth4" Color_Friend="ListFriendTextCG" Color_FoF="ListFoFTextCG" Color_Offline="ListOfflineTextCG" Color_Clan="ListClanTextCG" Color_Favorites="TextFavServersCG">
        </Text>
        <ProgressBar OutlineColor="ProgBarOutlineCG" BGColor="ProgBarBGCG" FillColor="ProgBarFillCG" TextColor="ProgBarTextCG" Radius="0" FillRadius="0" />
        <Images State="Normal">
            <Image Type="HeaderLeft">header_left</Image>
            <Image Type="HeaderMiddle">header_middle</Image>
            <Image Type="HeaderRight">header_right</Image>
            <Image Type="HeaderArrowUp">header_arrow_up</Image>
            <Image Type="HeaderArrowDown">header_arrow_down</Image>
        </Images>
    </Component>
    
    
    
    <!--
    //////////////////////////////////////////////
    // Status
    //////////////////////////////////////////////
    -->
    
    <Component Name="StatusBarContainer" Class="Tile" MinWidth="146" MinHeight="19" MaxHeight="19" Events="Transparent" Default="Activate">
        <Images State="Normal">
            <Image Type="TopLeft">status_bar_left</Image>
            <Image Type="Top">status_bar_middle</Image>
            <Image Type="TopRight">status_bar_right</Image>
        </Images>
    </Component>
    
    <Component Name="Status" Class="StatusView" MinHeight="12" MaxHeight="12" Stretch="ToContent" Events="Transparent" Default="Activate">
        <Text Align="Left" Background="StatusBackgroundCG" Bold="False" Color="StatusTextCG" Font="Arial" Size="11">StatusText</Text>
    </Component>
    
    <Component Name="ButtonStatusText" Class="Text" Stretch="ToContent" Events="Transparent" Accelerator="ALT(s)" MouseOver="False" Default="Activate">
        <Text Align="Left" Bold="True" Color="StatusTextCG" Font="Arial" Size="11">Status:</Text>
    </Component>
    
    <Component Name="ButtonStatusChanger" Class="Menu" MinWidth="21" MaxWidth="21" MinHeight="19" MaxHeight="19" Stretch="ToContent" Accelerator="ALT(s)" MouseOver="False" Default="Activate">
        <Triggers>
            <Trigger Type="OnLeftButtonDown">MenuStatus</Trigger>
        </Triggers>
        <Images State="Normal">
            <Image Type="Middle">button_status_norm</Image>
        </Images>
        <Images State="Hover">
            <Image Type="Middle">button_status_hover</Image>
        </Images>
        <Images State="Down">
            <Image Type="Middle">button_status_down</Image>
        </Images>
    </Component>
    
    
    
    <!--
    //////////////////////////////////////////////
    // AD
    //////////////////////////////////////////////
    -->
    <Component Name="AdView" Class="AdView" MinWidth="234" MinHeight="60" Events="Transparent" Default="Activate" />
    
    <!-- <Component Name="AdViewContainer" Class="Tile" MinHeight="77" MaxHeight="77" Default="Activate" Events="Transparent">
        <Images State="Normal">
            <Image Type="TopLeft">xfiread_container_left</Image>
            <Image Type="Top">xfiread_container_middle</Image>
            <Image Type="TopRight">xfiread_container_right</Image>
        </Images>
    </Component> -->
    
    
    
    <!--
    //////////////////////////////////////////////
    // Buttons
    //////////////////////////////////////////////
    -->
    <!-- This is what switches out buttons depending on what "tab" is selected -->
    <Component Name="TabControl" Class="TabControl" MinHeight="84" MaxHeight="84" Stretch="ToContent" Events="Transparent" GroupId="1" ControlGroupId="1" Default="Activate">
        <Triggers>
            <Trigger Type="OnShowFriends">GroupMessage(0)</Trigger>
            <Trigger Type="OnShowChatRooms">GroupMessage(1)</Trigger>
            <Trigger Type="OnShowFiles">GroupMessage(2)</Trigger>
            <Trigger Type="OnShowServers">GroupMessage(3)</Trigger>
            <Trigger Type="OnShowScreenshots">GroupMessage(4)</Trigger>
            <Trigger Type="OnShowVideos">GroupMessage(5)</Trigger>
            <Trigger Type="OnShowNotifications">GroupMessage(6)</Trigger>
        </Triggers>
    </Component>
    
    <!--[BEGIN] Friends Tab Buttons -->
    <Component Name="FriendsButtonBar" Class="Tile" MinHeight="84" MaxHeight="84" Stretch="ToContent" ControlGroupId="1" Events="Transparent" Default="Activate">
        <Images State="Normal">
            <Image Type="TopLeft">button_bar_left_large</Image>
            <Image Type="Top">button_bar_middle_large</Image>
            <Image Type="TopRight">button_bar_right_large</Image>
        </Images>
    </Component>
    
    <Component Name="ButtonAddFriend" Class="PushButton" MinWidth="75" MaxWidth="75" MinHeight="41" MaxHeight="41" Stretch="ToContent" Tooltip="ButtonAddFriendTip">
        <Triggers>
            <Trigger Type="OnClick">AddFriend</Trigger>
            <Trigger Type="OnAppCanAddFriend">State(Normal)</Trigger>
            <Trigger Type="OnAppCannotAddFriend">State(Disabled)</Trigger>
        </Triggers>
        <Images State="Normal">
            <Image Type="Middle">button_friend_add_norm</Image>
        </Images>
        <Images State="Hover">
            <Image Type="Middle">button_friend_add_hover</Image>
        </Images>
        <Images State="Down">
            <Image Type="Middle">button_friend_add_down</Image>
        </Images>
        <Images State="Disabled">
            <Image Type="Middle">button_friend_add_disabled</Image>
        </Images>
    </Component>
    
    <Component Name="ButtonAddFriendLarge" Class="PushButton" MinWidth="196" MaxWidth="196" MinHeight="29" MaxHeight="29" Stretch="ToContent" Tooltip="ButtonAddFriendTip">
        <Triggers>
            <Trigger Type="OnClick">AddFriend</Trigger>
            <Trigger Type="OnAppCanAddFriend">State(Normal)</Trigger>
            <Trigger Type="OnAppCannotAddFriend">State(Disabled)</Trigger>
        </Triggers>
        <Images State="Normal">
            <Image Type="Middle">button_friend_add_norm_large</Image>
        </Images>
        <Images State="Hover">
            <Image Type="Middle">button_friend_add_hover_large</Image>
        </Images>
        <Images State="Down">
            <Image Type="Middle">button_friend_add_down_large</Image>
        </Images>
        <Images State="Disabled">
            <Image Type="Middle">button_friend_add_disabled_large</Image>
        </Images>
    </Component>
    
    <Component Name="ButtonChatFriend" Class="PushButton" MinWidth="75" MaxWidth="75" MinHeight="41" MaxHeight="41" Stretch="ToContent" ToolTip="ButtonChatFriendTip" DisabledTooltip="ButtonChatFriendDisabledTip">
        <Triggers>
            <Trigger Type="OnClick">ChatFriend</Trigger>
            <Trigger Type="OnAppCanChat">State(Normal)</Trigger>
            <Trigger Type="OnAppCannotChat">State(Disabled)</Trigger>
        </Triggers>
        <Images State="Normal">
            <Image Type="Middle">button_friend_chat_norm</Image>
        </Images>
        <Images State="Hover">
            <Image Type="Middle">button_friend_chat_hover</Image>
        </Images>
        <Images State="Down">
            <Image Type="Middle">button_friend_chat_down</Image>
        </Images>
        <Images State="Disabled">
            <Image Type="Middle">button_friend_chat_disabled</Image>
        </Images>
    </Component>
    
    <Component Name="ButtonInfo" Class="PushButton" MinWidth="75" MaxWidth="75" MinHeight="41" MaxHeight="41" Stretch="ToContent" ToolTip="ButtonFriendInfoTip" DisabledToolTip="ButtonFriendInfoDisabledTip">
        <Triggers>
            <Trigger Type="OnClick">ProfileFriend</Trigger>
            <Trigger Type="OnAppCanProfile">State(Normal)</Trigger>
            <Trigger Type="OnAppCannotProfile">State(Disabled)</Trigger>
        </Triggers>
        <Images State="Normal">
            <Image Type="Middle">button_friend_info_norm</Image>
        </Images>
        <Images State="Hover">
            <Image Type="Middle">button_friend_info_hover</Image>
        </Images>
        <Images State="Down">
            <Image Type="Middle">button_friend_info_down</Image>
        </Images>
        <Images State="Disabled">
            <Image Type="Middle">button_friend_info_disabled</Image>
        </Images>
    </Component>
    
    <Component Name="ButtonInfoLarge" Class="PushButton" MinWidth="200" MaxWidth="200" MinHeight="31" MaxHeight="31" Stretch="ToContent" ToolTip="ButtonFriendInfoTip" DisabledToolTip="ButtonFriendInfoDisabledTip">
        <Triggers>
            <Trigger Type="OnClick">ProfileFriend</Trigger>
            <Trigger Type="OnAppCanProfile">State(Normal)</Trigger>
            <Trigger Type="OnAppCannotProfile">State(Disabled)</Trigger>
        </Triggers>
        <Images State="Normal">
            <Image Type="Middle">button_friend_info_norm_large</Image>
        </Images>
        <Images State="Hover">
            <Image Type="Middle">button_friend_info_hover_large</Image>
        </Images>
        <Images State="Down">
            <Image Type="Middle">button_friend_info_down_large</Image>
        </Images>
        <Images State="Disabled">
            <Image Type="Middle">button_friend_info_disabled_large</Image>
        </Images>
    </Component>
    
    <Component Name="ButtonJoinGame" Class="PushButton" MinWidth="75" MaxWidth="75" MinHeight="41" MaxHeight="41" Stretch="ToContent" ToolTip="ButtonJoinGameTip" DisabledToolTip="ButtonJoinGameDisabledTip">
        <Triggers>
            <Trigger Type="OnClick">JoinFriend</Trigger>
            <Trigger Type="OnAppCanJoin">State(Normal)</Trigger>
            <Trigger Type="OnAppCannotJoin">State(Disabled)</Trigger>
        </Triggers>
        <Images State="Normal">
            <Image Type="Middle">button_join_game_norm</Image>
        </Images>
        <Images State="Hover">
            <Image Type="Middle">button_join_game_hover</Image>
        </Images>
        <Images State="Down">
            <Image Type="Middle">button_join_game_down</Image>
        </Images>
        <Images State="Disabled">
            <Image Type="Middle">button_join_game_disabled</Image>
        </Images>
    </Component>
    <!--[END] Friend Tab Buttons -->
    
    
    <!--[BEGIN] Chat Rooms Tab Buttons -->
    <Component Name="ChatRoomsButtonBar" Class="Tile" MinHeight="84" MaxHeight="84" Stretch="ToContent" ControlGroupId="1" Events="Transparent">
        <Images State="Normal">
            <Image Type="TopLeft">button_bar_left_large</Image>
            <Image Type="Top">button_bar_middle_large</Image>
            <Image Type="TopRight">button_bar_right_large</Image>
        </Images>
    </Component>
    
    <Component Name="RoomEditBackground" Class="Tile" MinWidth="87" MinHeight="18" MaxHeight="18">
        <Images State="Normal">
            <Image Type="TopLeft">text_top_left</Image>
            <Image Type="Top">text_top_middle</Image>
            <Image Type="TopRight">text_top_right</Image>
            <Image Type="Left">text_leftside_middle</Image>
            <Image Type="Middle">text_middle</Image>
            <Image Type="Right">text_rightside_middle</Image>
            <Image Type="BottomLeft">text_bottom_left</Image>
            <Image Type="Bottom">text_bottom_middle</Image>
            <Image Type="BottomRight">text_bottom_right</Image>
        </Images>
    </Component>
    
    <Component Name="RoomEdit" Class="RoomNameEditView" MinWidth="80" MinHeight="17">
        <Text Align="Left" Background="TextFieldBGCG" Bold="False" Color="TextFieldTextCG" Font="Arial" Size="12">StatusText</Text>
    </Component>
    
    <Component Name="ButtonCreateChatRoom" Class="PushButton" MinWidth="75" MaxWidth="75" MinHeight="41" MaxHeight="41" Stretch="ToContent" ToolTip="ButtonCreateChatRoomTip" DisabledToolTip="ButtonCreateChatRoomDisabledTip">
        <Triggers>
            <Trigger Type="OnClick">CreateRoom</Trigger>
            <Trigger Type="OnAppCanCreateRoom">State(Normal)</Trigger>
            <Trigger Type="OnAppCannotCreateRoom">State(Disabled)</Trigger>
        </Triggers>
        <Images State="Normal">
            <Image Type="Middle">button_chatroom_create_norm</Image>
        </Images>
        <Images State="Hover">
            <Image Type="Middle">button_chatroom_create_hover</Image>
        </Images>
        <Images State="Down">
            <Image Type="Middle">button_chatroom_create_down</Image>
        </Images>
        <Images State="Disabled">
            <Image Type="Middle">button_chatroom_create_disabled</Image>
        </Images>
    </Component>
    
    <Component Name="ButtonCreateChatRoomLarge" Class="PushButton" MinWidth="196" MaxWidth="196" MinHeight="29" MaxHeight="29" Stretch="ToContent" ToolTip="ButtonCreateChatRoomTip" DisabledToolTip="ButtonCreateChatRoomDisabledTip">
        <Triggers>
            <Trigger Type="OnClick">CreateRoom</Trigger>
            <Trigger Type="OnAppCanCreateRoom">State(Normal)</Trigger>
            <Trigger Type="OnAppCannotCreateRoom">State(Disabled)</Trigger>
        </Triggers>
        <Images State="Normal">
            <Image Type="Middle">button_chatroom_create_norm_large</Image>
        </Images>
        <Images State="Hover">
            <Image Type="Middle">button_chatroom_create_hover_large</Image>
        </Images>
        <Images State="Down">
            <Image Type="Middle">button_chatroom_create_down_large</Image>
        </Images>
        <Images State="Disabled">
            <Image Type="Middle">button_chatroom_create_disabled_large</Image>
        </Images>
    </Component>
    
    <Component Name="ButtonEnterChatRoom" Class="PushButton" MinWidth="75" MaxWidth="75" MinHeight="41" MaxHeight="41" Stretch="ToContent" ToolTip="ButtonEnterChatRoomTip" DisabledToolTip="ButtonEnterChatRoomDisabledTip">
        <Triggers>
            <Trigger Type="OnClick">EnterRoom</Trigger>
            <Trigger Type="OnAppCanEnterRoom">State(Normal)</Trigger>
            <Trigger Type="OnAppCannotEnterRoom">State(Disabled)</Trigger>
        </Triggers>
        <Images State="Normal">
            <Image Type="Middle">button_chatroom_enter_norm</Image>
        </Images>
        <Images State="Hover">
            <Image Type="Middle">button_chatroom_enter_hover</Image>
        </Images>
        <Images State="Down">
            <Image Type="Middle">button_chatroom_enter_down</Image>
        </Images>
        <Images State="Disabled">
            <Image Type="Middle">button_chatroom_enter_disabled</Image>
        </Images>
    </Component>
    
    <Component Name="ButtonDeleteChatRoom" Class="PushButton" MinWidth="75" MaxWidth="75" MinHeight="41" MaxHeight="41" Stretch="ToContent" ToolTip="ButtonDeleteChatRoomTip">
        <Triggers>
            <Trigger Type="OnClick">DeleteSelected</Trigger>
            <Trigger Type="OnAppCanDelete">State(Normal)</Trigger>
            <Trigger Type="OnAppCannotDelete">State(Disabled)</Trigger>
        </Triggers>
        <Images State="Normal">
            <Image Type="Middle">button_delete_norm</Image>
        </Images>
        <Images State="Hover">
            <Image Type="Middle">button_delete_hover</Image>
        </Images>
        <Images State="Down">
            <Image Type="Middle">button_delete_down</Image>
        </Images>
        <Images State="Disabled">
            <Image Type="Middle">button_delete_disabled</Image>
        </Images>
    </Component>
    <!--[END] Chat Rooms Tab Buttons -->
    
    
    <!--[BEGIN] Files Tab Buttons -->
    <Component Name="FilesButtonBar" Class="Tile" MinHeight="84" MaxHeight="84" Stretch="ToContent" ControlGroupId="1" Events="Transparent">
        <Images State="Normal">
            <Image Type="TopLeft">button_bar_left_large</Image>
            <Image Type="Top">button_bar_middle_large</Image>
            <Image Type="TopRight">button_bar_right_large</Image>
        </Images>
    </Component>
    
    <Component Name="ButtonSearchFiles" Class="PushButton" MinWidth="75" MaxWidth="75" MinHeight="41" MaxHeight="41" Stretch="ToContent" ToolTip="ButtonSearchFilesTip" DisabledToolTip="ButtonSearchFilesDisabledTip">
        <Triggers>
            <Trigger Type="OnClick">DownloadInfo</Trigger>
        </Triggers>
        <Images State="Normal">
            <Image Type="Middle">button_search_norm</Image>
        </Images>
        <Images State="Hover">
            <Image Type="Middle">button_search_hover</Image>
        </Images>
        <Images State="Down">
            <Image Type="Middle">button_search_down</Image>
        </Images>
        <Images State="Disabled">
            <Image Type="Middle">button_search_disabled</Image>
        </Images>
    </Component>
    
    <Component Name="ButtonSearchFilesLarge" Class="PushButton" MinWidth="196" MaxWidth="196" MinHeight="29" MaxHeight="29" Stretch="ToContent" ToolTip="ButtonSearchFilesTip" DisabledToolTip="ButtonSearchFilesDisabledTip">
        <Triggers>
            <Trigger Type="OnClick">DownloadInfo</Trigger>
        </Triggers>
        <Images State="Normal">
            <Image Type="Middle">button_search_norm_large</Image>
        </Images>
        <Images State="Hover">
            <Image Type="Middle">button_search_hover_large</Image>
        </Images>
        <Images State="Down">
            <Image Type="Middle">button_search_down_large</Image>
        </Images>
        <Images State="Disabled">
            <Image Type="Middle">button_search_disabled_large</Image>
        </Images>
    </Component>
    
    <Component Name="ButtonOpenFiles" Class="PushButton" MinWidth="75" MaxWidth="75" MinHeight="41" MaxHeight="41" Stretch="ToContent" ToolTip="ButtonOpenFilesTip" DisabledToolTip="ButtonOpenFilesDisabledTip">
        <Triggers>
            <Trigger Type="OnClick">OpenSelected</Trigger>
            <Trigger Type="OnAppCanOpenSelected">State(Normal)</Trigger>
            <Trigger Type="OnAppCannotOpenSelected">State(Disabled)</Trigger>
        </Triggers>
        <Images State="Normal">
            <Image Type="Middle">button_file_open_norm</Image>
        </Images>
        <Images State="Hover">
            <Image Type="Middle">button_file_open_hover</Image>
        </Images>
        <Images State="Down">
            <Image Type="Middle">button_file_open_down</Image>
        </Images>
        <Images State="Disabled">
            <Image Type="Middle">button_file_open_disabled</Image>
        </Images>
    </Component>
    
    <Component Name="ButtonDeleteFiles" Class="PushButton" MinWidth="75" MaxWidth="75" MinHeight="41" MaxHeight="41" Stretch="ToContent" ToolTip="ButtonDeleteFilesTip" DisabledToolTip="ButtonDeleteFilesDisabledTip">
        <Triggers>
            <Trigger Type="OnClick">DeleteSelected</Trigger>
            <Trigger Type="OnAppCanDeleteSelected">State(Normal)</Trigger>
            <Trigger Type="OnAppCannotDeleteSelected">State(Disabled)</Trigger>
        </Triggers>
        <Images State="Normal">
            <Image Type="Middle">button_delete_norm</Image>
        </Images>
        <Images State="Hover">
            <Image Type="Middle">button_delete_hover</Image>
        </Images>
        <Images State="Down">
            <Image Type="Middle">button_delete_down</Image>
        </Images>
        <Images State="Disabled">
            <Image Type="Middle">button_delete_disabled</Image>
        </Images>
    </Component>
    <!--[END] Files Tab Buttons -->
    
    
    <!--[BEGIN] Servers Tab Buttons -->
    <Component Name="ServersButtonBar" Class="Tile" MinHeight="84" MaxHeight="84" Stretch="ToContent" ControlGroupId="1" Events="Transparent">
        <Images State="Normal">
            <Image Type="TopLeft">button_bar_left_large</Image>
            <Image Type="Top">button_bar_middle_large</Image>
            <Image Type="TopRight">button_bar_right_large</Image>
        </Images>
    </Component>
    
    <Component Name="ButtonRefreshServers" Class="PushButton" MinWidth="75" MaxWidth="75" MinHeight="41" MaxHeight="41" Stretch="ToContent" ToolTip="ButtonRefreshServersTip" DisabledToolTip="ButtonRefreshServersDisabledTip">
        <Triggers>
            <Trigger Type="OnClick">RefreshServer</Trigger>
            <!-- <Trigger Type="OnAppStartRefreshServers">Animate(Type=RepeatDelay=4Repeat=-1)</Trigger> -->
            <Trigger Type="OnAppCanRefreshServer">State(Normal)</Trigger>
            <Trigger Type="OnAppCannotRefreshServer">State(Disabled)</Trigger>
        </Triggers>
        <Images State="Normal">
            <Image Type="Middle">button_server_refresh_norm</Image>
        </Images>
        <Images State="Hover">
            <Image Type="Middle">button_server_refresh_hover</Image>
        </Images>
        <Images State="Down">
            <Image Type="Middle">button_server_refresh_down</Image>
        </Images>
        <Images State="Disabled">
            <Image Type="Middle">button_server_refresh_disabled</Image>
        </Images>
    </Component>
    
    <Component Name="ButtonRefreshServersLarge" Class="PushButton" MinWidth="196" MaxWidth="196" MinHeight="29" MaxHeight="29" Stretch="ToContent" ToolTip="ButtonRefreshServersTip" DisabledToolTip="ButtonRefreshServersDisabledTip">
        <Triggers>
            <Trigger Type="OnClick">RefreshServer</Trigger>
            <!-- <Trigger Type="OnAppStartRefreshServers">Animate(Type=RepeatDelay=4Repeat=-1)</Trigger> -->
            <Trigger Type="OnAppCanRefreshServer">State(Normal)</Trigger>
            <Trigger Type="OnAppCannotRefreshServer">State(Disabled)</Trigger>
        </Triggers>
        <Images State="Normal">
            <Image Type="Middle">button_server_refresh_norm_large</Image>
        </Images>
        <Images State="Hover">
            <Image Type="Middle">button_server_refresh_hover_large</Image>
        </Images>
        <Images State="Down">
            <Image Type="Middle">button_server_refresh_down_large</Image>
        </Images>
        <Images State="Disabled">
            <Image Type="Middle">button_server_refresh_disabled_large</Image>
        </Images>
    </Component>
    
    <Component Name="ButtonFavoriteServers" Class="PushButton" MinWidth="75" MaxWidth="75" MinHeight="41" MaxHeight="41" Stretch="ToContent" ToolTip="ButtonAddServersTip">
        <Triggers>
            <Trigger Type="OnClick">AddServer</Trigger>
            <Trigger Type="OnAppCanAddServer">State(Normal)</Trigger>
            <Trigger Type="OnAppCannotAddServer">State(Disabled)</Trigger>
        </Triggers>
        <Images State="Normal">
            <Image Type="Middle">button_server_favorite_norm</Image>
        </Images>
        <Images State="Hover">
            <Image Type="Middle">button_server_favorite_hover</Image>
        </Images>
        <Images State="Down">
            <Image Type="Middle">button_server_favorite_down</Image>
        </Images>
        <Images State="Disabled">
            <Image Type="Middle">button_server_favorite_disabled</Image>
        </Images>
    </Component>
    
    <Component Name="ButtonJoinGameServers" Class="PushButton" MinWidth="75" MaxWidth="75" MinHeight="41" MaxHeight="41" Stretch="ToContent" ToolTip="ButtonJoinGameServersTip" DisabledToolTip="ButtonJoinGameServersDisabledTip">
        <Triggers>
            <Trigger Type="OnClick">JoinFriend</Trigger>
            <Trigger Type="OnAppCanJoin">State(Normal)</Trigger>
            <Trigger Type="OnAppCannotJoin">State(Disabled)</Trigger>
        </Triggers>
        <Images State="Normal">
            <Image Type="Middle">button_join_game_norm</Image>
        </Images>
        <Images State="Hover">
            <Image Type="Middle">button_join_game_hover</Image>
        </Images>
        <Images State="Down">
            <Image Type="Middle">button_join_game_down</Image>
        </Images>
        <Images State="Disabled">
            <Image Type="Middle">button_join_game_disabled</Image>
        </Images>
    </Component>
    <!--[END] Servers Tab Buttons -->
    
    
    <!--[BEGIN] Pictures Tab Buttons -->
    <Component Name="PicturesButtonBar" Class="Tile" MinHeight="84" MaxHeight="84" Stretch="ToContent" ControlGroupId="1" Events="Transparent">
        <Images State="Normal">
            <Image Type="TopLeft">button_bar_left_large</Image>
            <Image Type="Top">button_bar_middle_large</Image>
            <Image Type="TopRight">button_bar_right_large</Image>
        </Images>
    </Component>
    
    <Component Name="ButtonInfoPictures" Class="PushButton" MinWidth="75" MaxWidth="75" MinHeight="41" MaxHeight="41" Stretch="ToContent" ToolTip="ButtonInfoPicturesTip">
        <Triggers>
            <Trigger Type="OnClick">ViewProfile</Trigger>
        </Triggers>
        <Images State="Normal">
            <Image Type="Middle">button_friend_info_norm</Image>
        </Images>
        <Images State="Hover">
            <Image Type="Middle">button_friend_info_hover</Image>
        </Images>
        <Images State="Down">
            <Image Type="Middle">button_friend_info_down</Image>
        </Images>
    </Component>
    
    <Component Name="ButtonInfoPicturesLarge" Class="PushButton" MinWidth="196" MaxWidth="196" MinHeight="29" MaxHeight="29" Stretch="ToContent" ToolTip="ButtonInfoPicturesTip">
        <Triggers>
            <Trigger Type="OnClick">ViewProfile</Trigger>
        </Triggers>
        <Images State="Normal">
            <Image Type="Middle">button_friend_info_norm_large</Image>
        </Images>
        <Images State="Hover">
            <Image Type="Middle">button_friend_info_hover_large</Image>
        </Images>
        <Images State="Down">
            <Image Type="Middle">button_friend_info_down_large</Image>
        </Images>
    </Component>
    
    <Component Name="ButtonViewPictures" Class="PushButton" MinWidth="75" MaxWidth="75" MinHeight="41" MaxHeight="41" Stretch="ToContent" ToolTip="ButtonOpenFilesTip" DisabledToolTip="ButtonOpenFilesDisabledTip">
        <Triggers>
            <Trigger Type="OnClick">OpenSelected</Trigger>
            <Trigger Type="OnAppCanOpenSelected">State(Normal)</Trigger>
            <Trigger Type="OnAppCannotOpenSelected">State(Disabled)</Trigger>
        </Triggers>
        <Images State="Normal">
            <Image Type="Middle">button_file_open_norm</Image>
        </Images>
        <Images State="Hover">
            <Image Type="Middle">button_file_open_hover</Image>
        </Images>
        <Images State="Down">
            <Image Type="Middle">button_file_open_down</Image>
        </Images>
        <Images State="Disabled">
            <Image Type="Middle">button_file_open_disabled</Image>
        </Images>
    </Component>
    
    <Component Name="ButtonUploadPictures" Class="PushButton" MinWidth="75" MaxWidth="75" MinHeight="41" MaxHeight="41" Stretch="ToContent" ToolTip="ButtonUploadTip" DisabledToolTip="ButtonUploadPicturesDisabledTip">
        <Triggers>
            <Trigger Type="OnClick">UploadSelected</Trigger>
            <Trigger Type="OnAppCanUploadSelected">State(Normal)</Trigger>
            <Trigger Type="OnAppCannotUploadSelected">State(Disabled)</Trigger>
        </Triggers>
        <Images State="Normal">
            <Image Type="Middle">button_upload_norm</Image>
        </Images>
        <Images State="Hover">
            <Image Type="Middle">button_upload_hover</Image>
        </Images>
        <Images State="Down">
            <Image Type="Middle">button_upload_down</Image>
        </Images>
        <Images State="Disabled">
            <Image Type="Middle">button_upload_disabled</Image>
        </Images>
    </Component>
    
    <Component Name="ButtonDeletePictures" Class="PushButton" MinWidth="75" MaxWidth="75" MinHeight="41" MaxHeight="41" Stretch="ToContent" ToolTip="ButtonDeleteFilesTip" DisabledToolTip="ButtonDeleteFilesDisabledTip">
        <Triggers>
            <Trigger Type="OnClick">DeleteSelected</Trigger>
            <Trigger Type="OnAppCanDeleteSelected">State(Normal)</Trigger>
            <Trigger Type="OnAppCannotDeleteSelected">State(Disabled)</Trigger>
        </Triggers>
        <Images State="Normal">
            <Image Type="Middle">button_delete_norm</Image>
        </Images>
        <Images State="Hover">
            <Image Type="Middle">button_delete_hover</Image>
        </Images>
        <Images State="Down">
            <Image Type="Middle">button_delete_down</Image>
        </Images>
        <Images State="Disabled">
            <Image Type="Middle">button_delete_disabled</Image>
        </Images>
    </Component>
    <!--[END] Pictures Tab Buttons -->
    
    
    <!--[BEGIN] Videos Tab Buttons -->
    <Component Name="VideosButtonBar" Class="Tile" MinHeight="84" MaxHeight="84" Stretch="ToContent" ControlGroupId="1" Events="Transparent">
        <Images State="Normal">
            <Image Type="TopLeft">button_bar_left_large</Image>
            <Image Type="Top">button_bar_middle_large</Image>
            <Image Type="TopRight">button_bar_right_large</Image>
        </Images>
    </Component>
    
    <Component Name="ButtonSearchVideos" Class="PushButton" MinWidth="75" MaxWidth="75" MinHeight="41" MaxHeight="41" Stretch="ToContent" ToolTip="ButtonSearchVideosTip">
        <Triggers>
            <Trigger Type="OnClick">SearchFor</Trigger>
        </Triggers>
        <Images State="Normal">
            <Image Type="middle">button_search_norm</Image>
        </Images>
        <Images State="Hover">
            <Image Type="middle">button_search_hover</Image>
        </Images>
        <Images State="Down">
            <Image Type="middle">button_search_down</Image>
        </Images>
        <Images State="Disabled">
            <Image Type="middle">button_search_disabled</Image>
        </Images>
    </Component>
    
    <Component Name="ButtonSearchVideosLarge" Class="PushButton" MinWidth="196" MaxWidth="196" MinHeight="29" MaxHeight="29" Stretch="ToContent" ToolTip="ButtonSearchVideosTip">
        <Triggers>
            <Trigger Type="OnClick">SearchFor</Trigger>
        </Triggers>
        <Images State="Normal">
            <Image Type="middle">button_videos_search_norm_large</Image>
        </Images>
        <Images State="Hover">
            <Image Type="middle">button_videos_search_hover_large</Image>
        </Images>
        <Images State="Down">
            <Image Type="middle">button_videos_search_down_large</Image>
        </Images>
        <Images State="Disabled">
            <Image Type="middle">button_videos_search_disabled_large</Image>
        </Images>
    </Component>
    
    <Component Name="ButtonViewVideos" Class="PushButton" MinWidth="75" MaxWidth="75" MinHeight="41" MaxHeight="41" Stretch="ToContent" ToolTip="ButtonOpenFilesTip" DisabledToolTip="ButtonOpenFilesDisabledTip">
        <Triggers>
            <Trigger Type="OnClick">OpenSelected</Trigger>
            <Trigger Type="OnAppCanOpenSelected">State(Normal)</Trigger>
            <Trigger Type="OnAppCannotOpenSelected">State(Disabled)</Trigger>
        </Triggers>
        <Images State="Normal">
            <Image Type="middle">button_file_open_norm</Image>
        </Images>
        <Images State="Hover">
            <Image Type="middle">button_file_open_hover</Image>
        </Images>
        <Images State="Down">
            <Image Type="middle">button_file_open_down</Image>
        </Images>
        <Images State="Disabled">
            <Image Type="middle">button_file_open_disabled</Image>
        </Images>
    </Component>
    
    <Component Name="ButtonUploadVideos" Class="PushButton" MinWidth="75" MaxWidth="75" MinHeight="41" MaxHeight="41" Stretch="ToContent" ToolTip="ButtonUploadTip" DisabledToolTip="ButtonUploadVideosDisabledTip">
        <Triggers>
            <Trigger Type="OnClick">UploadSelected</Trigger>
            <Trigger Type="OnAppCanUploadSelected">State(Normal)</Trigger>
            <Trigger Type="OnAppCannotUploadSelected">State(Disabled)</Trigger>
        </Triggers>
        <Images State="Normal">
            <Image Type="Middle">button_upload_norm</Image>
        </Images>
        <Images State="Hover">
            <Image Type="Middle">button_upload_hover</Image>
        </Images>
        <Images State="Down">
            <Image Type="Middle">button_upload_down</Image>
        </Images>
        <Images State="Disabled">
            <Image Type="Middle">button_upload_disabled</Image>
        </Images>
    </Component>
    
    <Component Name="ButtonDeleteVideos" Class="PushButton" MinWidth="75" MaxWidth="75" MinHeight="41" MaxHeight="41" Stretch="ToContent" ToolTip="ButtonDeleteFilesTip" DisabledToolTip="ButtonDeleteFilesDisabledTip">
        <Triggers>
            <Trigger Type="OnClick">DeleteSelected</Trigger>
            <Trigger Type="OnAppCanDelete">State(Normal)</Trigger>
            <Trigger Type="OnAppCannotDelete">State(Disabled)</Trigger>
        </Triggers>
        <Images State="Normal">
            <Image Type="Middle">button_delete_norm</Image>
        </Images>
        <Images State="Hover">
            <Image Type="Middle">button_delete_hover</Image>
        </Images>
        <Images State="Down">
            <Image Type="Middle">button_delete_down</Image>
        </Images>
        <Images State="Disabled">
            <Image Type="Middle">button_delete_disabled</Image>
        </Images>
    </Component>
    <!--[END] Videos Tab Buttons -->
    
    <!--[BEGIN] Notification Buttons -->
    <Component Name="NotificationsButtonBar" Class="Tile" MinHeight="84" MaxHeight="84" Stretch="ToContent" ControlGroupId="1" Events="Transparent">
        <Images State="Normal">
            <Image Type="TopLeft">button_bar_left_large</Image>
            <Image Type="Top">button_bar_middle_large</Image>
            <Image Type="TopRight">button_bar_right_large</Image>
        </Images>
    </Component>
    <!--[END] Notification Buttons -->
    
    <!--[BEGIN] Info View Buttons -->
    <Component Name="ButtonMainInfoIn" Class="SkinLauncher" MinWidth="13" MaxWidth="13" MinHeight="115" MaxHeight="115" Stretch="ToContent" Accelerator="ALT(VK_LEFT)" ToolTip="ButtonRetractInfoTip">
        <Triggers>
            <Trigger Type="OnClick">LaunchSkin</Trigger>
        </Triggers>
        <Images State="Normal">
            <Image Type="Middle">button_info_in_norm</Image>
        </Images>
        <Images State="Hover">
            <Image Type="Middle">button_info_in_hover</Image>
        </Images>
        <Images State="Down">
            <Image Type="Middle">button_info_in_down</Image>
        </Images>
        <Popup SaveState="1">MainInfoViewPopup</Popup>
    </Component>
    
    <Component Name="ButtonMainInfoOut" Class="SkinLauncher" MinWidth="13" MaxWidth="13" MinHeight="115" MaxHeight="115" Stretch="ToContent" Default="Click" Accelerator="ALT(VK_RIGHT)" ToolTip="ButtonExpandInfoTip">
        <Triggers>
            <Trigger Type="OnClick">LaunchSkin</Trigger>
        </Triggers>
        <Images State="Normal">
            <Image Type="Middle">button_info_out_norm</Image>
        </Images>
        <Images State="Hover">
            <Image Type="Middle">button_info_out_hover</Image>
        </Images>
        <Images State="Down">
            <Image Type="Middle">button_info_out_down</Image>
        </Images>
        <Popup SaveState="1">MainInfoViewPopup</Popup>
    </Component>
    <!--[END] Info View Buttons -->
    
    
    <!--[BEGIN] Tab Switching Buttons -->
    <Component Name="TabButtonsContainer" Class="Tile" MinHeight="51" MaxHeight="51" Stretch="ToContent" Default="Activate" Events="Transparent">
        <Images State="Normal">
            <Image Type="TopLeft">tab_background_left</Image>
            <Image Type="Top">tab_background_middle</Image>
            <Image Type="TopRight">tab_background_right</Image>
        </Images>
    </Component>
    
    <Component Name="TabVerticalSeparator" Class="Tile" MinWidth="2" MaxWidth="2" MinHeight="51" MaxHeight="51" Stretch="ToContent" Default="Activate" Events="Transparent">
        <Images State="Normal">
            <Image Type="TopLeft">tab_vertical_separator</Image>
        </Images>
    </Component>
    
    <!-- These are the actual buttons to switch tabs like FRIENDS TAB BUTTON -->
    
    <Component Name="ButtonFriendsTab" Class="PushButton" PushType="Sticky" Stretch="ToContent" Default="lbtndown" GroupId="8765" Accelerator="ALT(1)" Tooltip="ButtonFriendsTabTip">
        <Triggers>
            <Trigger Type="OnLeftButtonDown">ShowFriends</Trigger>
            <Trigger Type="OnLeftButtonDown">GroupMessage(8765)</Trigger>
            <Trigger Type="OnAppStartingLogin">ShowFriends</Trigger>
            <Trigger Type="OnAppStartingLogin">GroupMessage(8765)</Trigger>
        </Triggers>
        <Images State="Normal">
            <Image Type="Middle">button_friends_tab_norm</Image>
        </Images>
        <Images State="Hover">
            <Image Type="Middle">button_friends_tab_hover</Image>
        </Images>
        <Images State="Down">
            <Image Type="Middle">button_friends_tab_down</Image>
        </Images>
    </Component>
    
    <Component Name="ButtonChatRoomsTab" Class="PushButton" PushType="Sticky" Stretch="ToContent" GroupId="8765" Accelerator="ALT(2)" Tooltip="ButtonChatRoomsTabTip">
        <Triggers>
            <Trigger Type="OnLeftButtonDown">ShowChatRooms</Trigger>
            <Trigger Type="OnLeftButtonDown">GroupMessage(8765)</Trigger>
        </Triggers>
        <Images State="Normal">
            <Image Type="Middle">button_chatrooms_tab_norm</Image>
        </Images>
        <Images State="Hover">
            <Image Type="Middle">button_chatrooms_tab_hover</Image>
        </Images>
        <Images State="Down">
            <Image Type="Middle">button_chatrooms_tab_down</Image>
        </Images>
    </Component>
    
    <Component Name="ButtonFilesTab" Tooltip="ButtonFilesTabTip" Stretch="ToContent" PushType="Sticky" GroupId="8765" Accelerator="ALT(3)" Class="PushButton">
        <Triggers>
            <Trigger Type="OnLeftButtonDown">ShowFiles</Trigger>
            <Trigger Type="OnLeftButtonDown">GroupMessage(8765)</Trigger>
            <Trigger Type="Onxfireurldownload">ShowFiles</Trigger>
            <Trigger Type="Onxfireurldownload">GroupMessage(8765)</Trigger>
            <Trigger Type="OnDownloadComplete">Animate(Type=RepeatDelay=7Repeat=-1Action=1)</Trigger>
        </Triggers>
        <Images State="Normal">
            <Image Type="Middle">button_files_tab_norm</Image>
        </Images>
        <Images State="Hover">
            <Image Type="Middle">button_files_tab_hover</Image>
        </Images>
        <Images State="Down">
            <Image Type="Middle">button_files_tab_down</Image>
        </Images>
    </Component>
    
    <Component Name="ButtonServersTab" Tooltip="ButtonServersTabTip" Stretch="ToContent" PushType="Sticky" GroupId="8765" Accelerator="ALT(4)" Class="PushButton">
        <Triggers>
            <Trigger Type="OnLeftButtonDown">ShowServers</Trigger>
            <Trigger Type="OnLeftButtonDown">GroupMessage(8765)</Trigger>
        </Triggers>
        <Images State="Normal">
            <Image Type="Middle">button_servers_tab_norm</Image>
        </Images>
        <Images State="Hover">
            <Image Type="Middle">button_servers_tab_hover</Image>
        </Images>
        <Images State="Down">
            <Image Type="Middle">button_servers_tab_down</Image>
        </Images>
    </Component>
    
    <Component Name="ButtonPicturesTab" Class="PushButton" Stretch="ToContent" PushType="Sticky" GroupId="8765" Accelerator="ALT(5)" Tooltip="ButtonScreenShotsTabTip">
        <Triggers>
            <Trigger Type="OnLeftButtonDown">ShowScreenshots</Trigger>
            <Trigger Type="OnLeftButtonDown">GroupMessage(8765)</Trigger>
        </Triggers>
        <Images State="Normal">
            <Image Type="Middle">button_pictures_tab_norm</Image>
        </Images>
        <Images State="Hover">
            <Image Type="Middle">button_pictures_tab_hover</Image>
        </Images>
        <Images State="Down">
            <Image Type="Middle">button_pictures_tab_down</Image>
        </Images>
    </Component>
    
    <Component Name="ButtonVideosTab" Tooltip="ButtonVideosTabTip" Stretch="ToContent" PushType="Sticky" GroupId="8765" Accelerator="ALT(6)" Class="PushButton">
        <Triggers>
            <Trigger Type="OnLeftButtonDown">ShowVideos</Trigger>
            <Trigger Type="OnLeftButtonDown">GroupMessage(8765)</Trigger>
            <Trigger Type="OnShowVideos">GroupMessage(8765)</Trigger>
        </Triggers>
        <Images State="Normal">
            <Image Type="Middle">button_videos_tab_norm</Image>
        </Images>
        <Images State="Hover">
            <Image Type="Middle">button_videos_tab_hover</Image>
        </Images>
        <Images State="Down">
            <Image Type="Middle">button_videos_tab_down</Image>
        </Images>
    </Component>
    
    <Component Name="ButtonNotificationsTab" Class="PushButton" MinWidth="26" MaxWidth="26" MinHeight="24" MaxHeight="24" ToolTip="ButtonNotificationsTabTip" Stretch="ToContent" PushType="Sticky" GroupId="8765" Accelerator="ALT(7)">
        <Triggers>
            <Trigger Type="OnLeftButtonDown">ShowNotifications</Trigger>
            <Trigger Type="OnLeftButtonDown">GroupMessage(8765)</Trigger>
            <Trigger Type="OnShowNotifications">GroupMessage(8765)</Trigger>
            <!-- <Trigger Type="OnNewNotification">Animate(Type=Repeat,Delay=7,Repeat=-1,Action=1)</Trigger> -->
        </Triggers>
        <Images State="Normal">
            <Image Type="Middle">button_notifications_tab_norm</Image>
        </Images>
        <Images State="Hover">
            <Image Type="Middle">button_notifications_tab_hover</Image>
        </Images>
        <Images State="Down">
            <Image Type="Middle">button_notifications_tab_down</Image>
        </Images>
    </Component>
        
        <Component Name="ButtonNotificationsTabControl" Class="TabControl" MinWidth="26" MaxWidth="26" MinHeight="24" MaxHeight="24" Stretch="ToContent" GroupId="12" ControlGroupId="12" Events="Transparent">
            <Triggers>
                <Trigger Type="OnNotificationsVisited">GroupMessage(0)</Trigger>
                <Trigger Type="OnNewNotification">GroupMessage(1)</Trigger>
            </Triggers>
            <!-- <Images State="Normal">
                <Image Type="Middle">button_notifications_tab_norm</Image>
            </Images>
            <Images State="Hover">
                <Image Type="Middle">button_notifications_tab_hover</Image>
            </Images>
            <Images State="Down">
                <Image Type="Middle">button_notifications_tab_new</Image>
            </Images> -->
        </Component>
            
            <Component Name="ButtonNotificationsTabVisited" Class="Tile" Stretch="ToContent" Events="Transparent">
                <Images State="Normal">
                    <Image Type="Middle">transparent</Image>
                </Images>
                <Images State="Hover">
                    <Image Type="Middle">button_notifications_tab_norm</Image>
                </Images>
            </Component>
            
            <Component Name="ButtonNotificationsTabUnvisited" Class="Tile" Stretch="ToContent" Events="Transparent">
                <Images State="Normal">
                    <Image Type="Middle">button_notifications_tab_new</Image>
                </Images>
                <Images State="Hover">
                    <Image Type="Middle">button_notifications_tab_new</Image>
                </Images>
            </Component>
    <!--[END] Tab Switching Buttons -->
</Components>